feature,mean_importance,median_importance,iqr_importance,mean_std,n_folds
sex,0.0,0.0,0.0,0.0,2
1_88598_G_T,0.0,0.0,0.0,0.0,2
1_88710_C_G,0.0,0.0,0.0,0.0,2
1_89599_A_T,0.0,0.0,0.0,0.0,2
1_89946_A_T,0.0,0.0,0.0,0.0,2
1_91190_G_A,0.0,0.0,0.0,0.0,2
1_91340_C_G,0.0,0.0,0.0,0.0,2
1_91358_G_T,0.0,0.0,0.0,0.0,2
1_91515_A_C,0.0,0.0,0.0,0.0,2
1_14464_A_T,0.0,0.0,0.0,0.0,2
1_14599_T_A,0.0,0.0,0.0,0.0,2
1_14604_A_G,0.0,0.0,0.0,0.0,2
1_14930_A_G,0.0,0.0,0.0,0.0,2
1_14933_G_A,0.0,0.0,0.0,0.0,2
1_15211_T_G,0.0,0.0,0.0,0.0,2
"1_15274_A_G,T",0.0,0.0,0.0,0.0,2
"1_15274_A_G,T.1",0.0,0.0,0.0,0.0,2
1_15820_G_T,0.0,0.0,0.0,0.0,2
1_15903_G_GC,0.0,0.0,0.0,0.0,2
1_16949_A_C,0.0,0.0,0.0,0.0,2
1_18643_G_A,0.0,0.0,0.0,0.0,2
1_18849_C_G,0.0,0.0,0.0,0.0,2
1_30923_G_T,0.0,0.0,0.0,0.0,2
1_49298_T_C,0.0,0.0,0.0,0.0,2
1_49554_A_G,0.0,0.0,0.0,0.0,2
1_50891_T_C,0.0,0.0,0.0,0.0,2
1_51185_T_C,0.0,0.0,0.0,0.0,2
1_51479_T_A,0.0,0.0,0.0,0.0,2
1_52238_T_G,0.0,0.0,0.0,0.0,2
1_52253_C_G,0.0,0.0,0.0,0.0,2
1_54490_G_A,0.0,0.0,0.0,0.0,2
1_54712_T_TTTTC,0.0,0.0,0.0,0.0,2
1_54716_C_T,0.0,0.0,0.0,0.0,2
1_54945_C_A,0.0,0.0,0.0,0.0,2
1_55164_C_A,0.0,0.0,0.0,0.0,2
1_55351_T_A,0.0,0.0,0.0,0.0,2
1_55545_C_T,0.0,0.0,0.0,0.0,2
1_58814_G_A,0.0,0.0,0.0,0.0,2
1_59040_T_C,0.0,0.0,0.0,0.0,2
1_60351_A_G,0.0,0.0,0.0,0.0,2
1_61208_T_C,0.0,0.0,0.0,0.0,2
1_61743_G_C,0.0,0.0,0.0,0.0,2
1_62777_A_T,0.0,0.0,0.0,0.0,2
1_63268_T_C,0.0,0.0,0.0,0.0,2
1_63671_G_A,0.0,0.0,0.0,0.0,2
1_63722_C_T,0.0,0.0,0.0,0.0,2
1_63735_CCTA_C,0.0,0.0,0.0,0.0,2
1_64931_G_A,0.0,0.0,0.0,0.0,2
1_66219_A_T,0.0,0.0,0.0,0.0,2
1_67107_A_G,0.0,0.0,0.0,0.0,2
1_68082_T_C,0.0,0.0,0.0,0.0,2
1_69761_A_T,0.0,0.0,0.0,0.0,2
1_69897_T_C,0.0,0.0,0.0,0.0,2
1_70351_TA_T,0.0,0.0,0.0,0.0,2
1_73836_G_A,0.0,0.0,0.0,0.0,2
1_74790_C_G,0.0,0.0,0.0,0.0,2
1_74792_G_A,0.0,0.0,0.0,0.0,2
1_76838_T_G,0.0,0.0,0.0,0.0,2
1_76854_A_G,0.0,0.0,0.0,0.0,2
1_77726_C_T,0.0,0.0,0.0,0.0,2
1_77866_C_T,0.0,0.0,0.0,0.0,2
1_77874_G_A,0.0,0.0,0.0,0.0,2
1_80401_C_G,0.0,0.0,0.0,0.0,2
1_81260_C_T,0.0,0.0,0.0,0.0,2
1_81587_C_T,0.0,0.0,0.0,0.0,2
1_82133_CAA_C,0.0,0.0,0.0,0.0,2
1_82163_G_A,0.0,0.0,0.0,0.0,2
1_82609_C_G,0.0,0.0,0.0,0.0,2
1_83084_T_A,0.0,0.0,0.0,0.0,2
1_83514_C_T,0.0,0.0,0.0,0.0,2
1_84183_C_G,0.0,0.0,0.0,0.0,2
1_86065_G_C,0.0,0.0,0.0,0.0,2
1_86331_A_G,0.0,0.0,0.0,0.0,2
1_87409_C_T,0.0,0.0,0.0,0.0,2
1_88144_C_A,0.0,0.0,0.0,0.0,2
1_88169_C_T,0.0,0.0,0.0,0.0,2
1_88172_G_A,0.0,0.0,0.0,0.0,2
1_88177_G_C,0.0,0.0,0.0,0.0,2
1_88236_C_T,0.0,0.0,0.0,0.0,2
1_88316_G_A,0.0,0.0,0.0,0.0,2
1_88338_G_A,0.0,0.0,0.0,0.0,2
1_91536_G_T,0.0,0.0,0.0,0.0,2
1_91581_G_A,0.0,0.0,0.0,0.0,2
1_92633_C_T,0.0,0.0,0.0,0.0,2
1_92858_G_T,0.0,0.0,0.0,0.0,2
1_95440_C_G,0.0,0.0,0.0,0.0,2
1_99687_C_T,0.0,0.0,0.0,0.0,2
1_99719_C_T,0.0,0.0,0.0,0.0,2
1_10177_A_AC,0.0,0.0,0.0,0.0,2
1_10352_T_TA,0.0,0.0,0.0,0.0,2
1_10616_CCGCCGTTGCAAAGGCGCGCCG_C,0.0,0.0,0.0,0.0,2
1_11008_C_G,0.0,0.0,0.0,0.0,2
1_11012_C_G,0.0,0.0,0.0,0.0,2
1_13110_G_A,0.0,0.0,0.0,0.0,2
1_13116_T_G,0.0,0.0,0.0,0.0,2
1_13118_A_G,0.0,0.0,0.0,0.0,2
1_13273_G_C,0.0,0.0,0.0,0.0,2
